# ************************************************************
# Sequel Pro SQL dump
# Version 4541
#
# http://www.sequelpro.com/
# https://github.com/sequelpro/sequelpro
#
# Host: 127.0.0.1 (MySQL 5.5.5-10.5.6-MariaDB)
# Database: companydirectory
# Generation Time: 2021-02-18 11:41:55 +0000
# ************************************************************


/*!40101 SET @OLD_CHARACTER_SET_CLIENT=@@CHARACTER_SET_CLIENT */;
/*!40101 SET @OLD_CHARACTER_SET_RESULTS=@@CHARACTER_SET_RESULTS */;
/*!40101 SET @OLD_COLLATION_CONNECTION=@@COLLATION_CONNECTION */;
/*!40101 SET NAMES utf8 */;
/*!40014 SET @OLD_FOREIGN_KEY_CHECKS=@@FOREIGN_KEY_CHECKS, FOREIGN_KEY_CHECKS=0 */;
/*!40101 SET @OLD_SQL_MODE=@@SQL_MODE, SQL_MODE='NO_AUTO_VALUE_ON_ZERO' */;
/*!40111 SET @OLD_SQL_NOTES=@@SQL_NOTES, SQL_NOTES=0 */;


# Dump of table department
# ------------------------------------------------------------

DROP TABLE IF EXISTS `department`;

CREATE TABLE `department` (
  `id` int(11) NOT NULL AUTO_INCREMENT,
  `name` varchar(50) DEFAULT NULL,
  `locationID` int(11) DEFAULT NULL,
  PRIMARY KEY (`id`)
) ENGINE=InnoDB DEFAULT CHARSET=utf8;

LOCK TABLES `department` WRITE;
/*!40000 ALTER TABLE `department` DISABLE KEYS */;

INSERT INTO `department` (`id`, `name`, `locationID`)
VALUES
	(1,'Human Resources',1),
	(2,'Sales',2),
	(3,'Marketing',2),
	(4,'Legal',1),
	(5,'Services',1),
	(6,'Research & Management',3),
	(7,'Product Management',3),
	(8,'Training',4),
	(9,'Support',4),
	(10,'Engineering',5),
	(11,'Accounting',5),
	(12,'Business Development',3);

/*!40000 ALTER TABLE `department` ENABLE KEYS */;
UNLOCK TABLES;


# Dump of table location
# ------------------------------------------------------------

DROP TABLE IF EXISTS `location`;

CREATE TABLE `location` (
  `id` int(11) NOT NULL AUTO_INCREMENT,
  `name` varchar(50) DEFAULT NULL,
  PRIMARY KEY (`id`)
) ENGINE=InnoDB DEFAULT CHARSET=utf8;

LOCK TABLES `location` WRITE;
/*!40000 ALTER TABLE `location` DISABLE KEYS */;

INSERT INTO `location` (`id`, `name`)
VALUES
	(1,'London'),
	(2,'New York'),
	(3,'Paris'),
	(4,'Munich'),
	(5,'Rome');

/*!40000 ALTER TABLE `location` ENABLE KEYS */;
UNLOCK TABLES;


# Dump of table personnel
# ------------------------------------------------------------

DROP TABLE IF EXISTS `personnel`;

CREATE TABLE `personnel` (
  `id` int(11) DEFAULT NULL,
  `firstName` varchar(50) DEFAULT NULL,
  `lastName` varchar(50) DEFAULT NULL,
  `phone` varchar(20) DEFAULT NULL,
  `email` varchar(50) DEFAULT NULL,
  `password` char(60) DEFAULT NULL,
  `department` varchar(50) DEFAULT NULL,
  `jobTitle` varchar(50) DEFAULT NULL,
  `dateJoin` date DEFAULT NULL,
  `location` varchar(50) DEFAULT NULL,
  `photo` tinyint(1) DEFAULT NULL,
  `photoFile` varchar(20) DEFAULT NULL
) ENGINE=InnoDB DEFAULT CHARSET=utf8;

LOCK TABLES `personnel` WRITE;
/*!40000 ALTER TABLE `personnel` DISABLE KEYS */;

INSERT INTO `personnel` (`id`, `firstName`, `lastName`, `phone`, `email`, `password`, `department`, `jobTitle`, `dateJoin`, `location`, `photo`, `photoFile`)
VALUES
	(1,'Rosana','Heffron','+44 20 8050 3109','rheffron0@ibm.com','$2y$10$NIhvZumA7pJmQg.thGG6j.GmV8FTJUhbPrlEc1Nl8vXz4Abot0Pu6','1','HR Advisor','2015-08-23','1',1,'1.png'),
	(2,'Kris','Kovnot','+1 (917) 268-9386','kkovnot1@google.nl','$2y$10$NIhvZumA7pJmQg.thGG6j.GmV8FTJUhbPrlEc1Nl8vXz4Abot0Pu6','2','Sales Executive','2017-09-01','2',1,'2.png'),
	(3,'Vera','Kisbee','+1 (917) 268-9387','vkisbee2@nih.gov','$2y$10$NIhvZumA7pJmQg.thGG6j.GmV8FTJUhbPrlEc1Nl8vXz4Abot0Pu6','2','Sales Mananger','2019-04-23','2',1,'3.png'),
	(4,'Aveline','Edgson','+1 (917) 268-9391','aedgson3@wikispaces.com','$2y$10$NIhvZumA7pJmQg.thGG6j.GmV8FTJUhbPrlEc1Nl8vXz4Abot0Pu6','3','Marketing Assistant','2012-05-22','2',1,'4.png'),
	(5,'Bertie','Wittke','+44 20 8050 3793','bwittke4@yahoo.com','$2y$10$NIhvZumA7pJmQg.thGG6j.GmV8FTJUhbPrlEc1Nl8vXz4Abot0Pu6','4','Trainee Legal Assistant','2015-11-12','1',1,'5.png'),
	(6,'Demetre','Cossam','+44 20 8050 3817','dcossam5@washington.edu','$2y$10$NIhvZumA7pJmQg.thGG6j.GmV8FTJUhbPrlEc1Nl8vXz4Abot0Pu6','5','Services Manager','2016-06-02','1',1,'6.png'),
	(7,'Annabela','McGavigan','+44 20 8050 3852','amcgavigan6@wp.com','$2y$10$NIhvZumA7pJmQg.thGG6j.GmV8FTJUhbPrlEc1Nl8vXz4Abot0Pu6','4','Solicitor','2020-02-04','1',1,'7.png'),
	(8,'Crichton','McAndrew','+44 20 8050 3855','cmcandrew7@zdnet.com','$2y$10$NIhvZumA7pJmQg.thGG6j.GmV8FTJUhbPrlEc1Nl8vXz4Abot0Pu6','1','HR Assistant','2013-04-07','1',1,'8.png'),
	(9,'Cordula','Plain','+44 20 8050 3871','cplain8@google.ca','$2y$10$NIhvZumA7pJmQg.thGG6j.GmV8FTJUhbPrlEc1Nl8vXz4Abot0Pu6','5','Customer Service Advisor','2018-05-09','1',1,'9.png'),
	(10,'Glen','McDougle','+33 01 70 86 86 30','gmcdougle9@meetup.com','$2y$10$NIhvZumA7pJmQg.thGG6j.GmV8FTJUhbPrlEc1Nl8vXz4Abot0Pu6','6','R&D Engineer','2016-07-11','3',1,'10.png'),
	(11,'Theo','Audas','+33 01 70 86 86 31','taudasa@newsvine.com','$2y$10$NIhvZumA7pJmQg.thGG6j.GmV8FTJUhbPrlEc1Nl8vXz4Abot0Pu6','7','Product Manager','2015-05-04','3',1,'11.png'),
	(12,'Spense','Jolliss','+49 0221 65088350','sjollissb@wufoo.com','$2y$10$NIhvZumA7pJmQg.thGG6j.GmV8FTJUhbPrlEc1Nl8vXz4Abot0Pu6','8','Training Administrator','2018-04-22','4',1,'12.png'),
	(14,'Barr','MacAllan','+44 20 8050 3874','bmacalland@github.com','$2y$10$NIhvZumA7pJmQg.thGG6j.GmV8FTJUhbPrlEc1Nl8vXz4Abot0Pu6','5','Customer Service Associate','2020-09-22','1',1,'14.png'),
	(15,'Suzie','Cromer','+44 20 8050 3892','scromere@imageshack.us','$2y$10$NIhvZumA7pJmQg.thGG6j.GmV8FTJUhbPrlEc1Nl8vXz4Abot0Pu6','1','HR Manager','2014-11-03','1',1,'15.png'),
	(16,'Tracee','Gisbourn','+39 06 9931 3610','tgisbournf@bloglines.com','$2y$10$NIhvZumA7pJmQg.thGG6j.GmV8FTJUhbPrlEc1Nl8vXz4Abot0Pu6','10','Mechanical Engineer','2013-05-14','5',1,'16.png'),
	(17,'Taylor','St. Quintin','+39 06 9931 4120','tstquinting@chronoengine.com','$2y$10$NIhvZumA7pJmQg.thGG6j.GmV8FTJUhbPrlEc1Nl8vXz4Abot0Pu6','10','Electrical Engineer','2018-12-01','5',1,'17.png'),
	(18,'Lin','Klassmann','+39 06 9931 4123','lklassmannh@indiatimes.com','$2y$10$NIhvZumA7pJmQg.thGG6j.GmV8FTJUhbPrlEc1Nl8vXz4Abot0Pu6','10','Site Engineer','2019-04-16','5',1,'18.png'),
	(19,'Lay','Fintoph','+39 06 9931 4124','lfintophi@goo.gl','$2y$10$NIhvZumA7pJmQg.thGG6j.GmV8FTJUhbPrlEc1Nl8vXz4Abot0Pu6','11','Management Accountant','2017-08-02','5',1,'19.png'),
	(20,'Moishe','Flinn','+33 01 70 86 86 32','mflinnj@list-manage.com','$2y$10$NIhvZumA7pJmQg.thGG6j.GmV8FTJUhbPrlEc1Nl8vXz4Abot0Pu6','12','Business Development Manager','2016-05-03','3',1,'20.png'),
	(21,'Gay','Bickford','+33 01 70 86 86 33','gbickfordk@scientificamerican.com','$2y$10$NIhvZumA7pJmQg.thGG6j.GmV8FTJUhbPrlEc1Nl8vXz4Abot0Pu6','6','R&D Scientist','2015-04-11','3',1,'21.png'),
	(22,'Erik','Lindback','+49 0221 65088352','elindbackl@virginia.edu','$2y$10$NIhvZumA7pJmQg.thGG6j.GmV8FTJUhbPrlEc1Nl8vXz4Abot0Pu6','8','Training Security Specialist','2019-11-28','4',1,'22.png'),
	(23,'Tamarra','Ace','+49 0221 65088353','tacem@vinaora.com','$2y$10$NIhvZumA7pJmQg.thGG6j.GmV8FTJUhbPrlEc1Nl8vXz4Abot0Pu6','9','Customer Support Advisor','2012-01-07','4',1,'23.png'),
	(24,'Barbara-anne','Rooksby','+33 01 70 86 86 34','brooksbyn@issuu.com','$2y$10$NIhvZumA7pJmQg.thGG6j.GmV8FTJUhbPrlEc1Nl8vXz4Abot0Pu6','12','Director of Business Development','2014-05-22','3',1,'24.png'),
	(25,'Lucien','Allsup','+49 0221 65088355','lallsupo@goo.ne.jp','$2y$10$NIhvZumA7pJmQg.thGG6j.GmV8FTJUhbPrlEc1Nl8vXz4Abot0Pu6','9','IT Support Analyst','2015-07-13','4',1,'25.png'),
	(26,'Jackelyn','Imlach','+39 06 9931 4125','jimlachp@google.it','$2y$10$NIhvZumA7pJmQg.thGG6j.GmV8FTJUhbPrlEc1Nl8vXz4Abot0Pu6','11','Project Accountant','2020-07-24','5',1,'26.png'),
	(27,'Virge','Bootes','+1 (917) 268-9392','vbootesq@oracle.com','$2y$10$NIhvZumA7pJmQg.thGG6j.GmV8FTJUhbPrlEc1Nl8vXz4Abot0Pu6','2','Sales Consultant','2019-11-21','2',1,'27.png'),
	(28,'Rafferty','Matasov','+44 20 8050 3913','rmatasovr@4shared.com','$2y$10$NIhvZumA7pJmQg.thGG6j.GmV8FTJUhbPrlEc1Nl8vXz4Abot0Pu6','4','Construction Litigation Associate','2018-10-22','1',1,'28.png'),
	(29,'Vanya','Goulder','+49 0221 65088357','vgoulders@phoca.cz','$2y$10$NIhvZumA7pJmQg.thGG6j.GmV8FTJUhbPrlEc1Nl8vXz4Abot0Pu6','9','Technical Support Engineer','2015-04-09','4',1,'29.png'),
	(30,'Bonita','McGonagle','+44 20 8050 3916','bmcgonaglet@microsoft.com','$2y$10$NIhvZumA7pJmQg.thGG6j.GmV8FTJUhbPrlEc1Nl8vXz4Abot0Pu6','1','HR Officer','2016-08-15','1',1,'30.png'),
	(31,'Allx','Whaley','+44 20 8050 3921','awhaleyu@bbb.org','$2y$10$NIhvZumA7pJmQg.thGG6j.GmV8FTJUhbPrlEc1Nl8vXz4Abot0Pu6','1','HR Policy Specialist','2017-09-29','1',1,'31.png'),
	(32,'Mavis','Lernihan','+44 20 8050 3921','mlernihanv@netscape.com','$2y$10$NIhvZumA7pJmQg.thGG6j.GmV8FTJUhbPrlEc1Nl8vXz4Abot0Pu6','5','Services Assistant','2012-04-30','1',1,'32.png'),
	(33,'Vern','Durling','+44 20 8050 3924','vdurlingw@goo.gl','$2y$10$NIhvZumA7pJmQg.thGG6j.GmV8FTJUhbPrlEc1Nl8vXz4Abot0Pu6','1','Head of Human Resources','2017-05-14','1',1,'33.png'),
	(34,'Myles','Minchi','+33 01 70 86 86 35','mminchix@smugmug.com','$2y$10$NIhvZumA7pJmQg.thGG6j.GmV8FTJUhbPrlEc1Nl8vXz4Abot0Pu6','7','Head of Product Management','2016-07-12','3',1,'34.png'),
	(35,'Anitra','Coleridge','+33 01 70 86 86 36','acoleridgey@nbcnews.com','$2y$10$NIhvZumA7pJmQg.thGG6j.GmV8FTJUhbPrlEc1Nl8vXz4Abot0Pu6','6','R&D Laboratory Technician','2018-09-20','3',1,'35.png'),
	(36,'Ailis','Brewster','+33 01 70 86 86 37','abrewsterz@businesswire.com','$2y$10$NIhvZumA7pJmQg.thGG6j.GmV8FTJUhbPrlEc1Nl8vXz4Abot0Pu6','7','Digital Product Manager','2019-08-04','3',1,'36.png'),
	(37,'Rahal','Tute','+33 01 70 86 86 38','rtute10@pinterest.com','$2y$10$NIhvZumA7pJmQg.thGG6j.GmV8FTJUhbPrlEc1Nl8vXz4Abot0Pu6','6','Research Assistant','2018-07-27','3',1,'37.png'),
	(38,'Warner','Blonden','+33 01 70 86 86 39','wblonden11@spiegel.de','$2y$10$NIhvZumA7pJmQg.thGG6j.GmV8FTJUhbPrlEc1Nl8vXz4Abot0Pu6','12','Business Development Rep','2013-01-14','3',1,'38.png'),
	(39,'Melvyn','Canner','+44 20 8050 3927','mcanner12@eepurl.com','$2y$10$NIhvZumA7pJmQg.thGG6j.GmV8FTJUhbPrlEc1Nl8vXz4Abot0Pu6','4','Corporate Lawyer','2015-07-06','1',1,'39.png'),
	(40,'Ryann','Giampietro','+44 20 8050 3928','rgiampietro13@theguardian.com','$2y$10$NIhvZumA7pJmQg.thGG6j.GmV8FTJUhbPrlEc1Nl8vXz4Abot0Pu6','4','Dispute Resolution Solicitor','2017-09-15','1',1,'40.png'),
	(41,'Harwell','Jefferys','+39 06 9931 4126','hjefferys14@jimdo.com','$2y$10$NIhvZumA7pJmQg.thGG6j.GmV8FTJUhbPrlEc1Nl8vXz4Abot0Pu6','10','Structural Engineer','2018-08-20','5',1,'41.png'),
	(42,'Lanette','Buss','+44 20 8050 3934','lbuss15@51.la','$2y$10$NIhvZumA7pJmQg.thGG6j.GmV8FTJUhbPrlEc1Nl8vXz4Abot0Pu6','4','Legal Administrator','2014-04-19','1',1,'42.png'),
	(43,'Lissie','Reddington','+49 0221 65088358','lreddington16@w3.org','$2y$10$NIhvZumA7pJmQg.thGG6j.GmV8FTJUhbPrlEc1Nl8vXz4Abot0Pu6','4','IT Support','2015-09-20','3',1,'43.png'),
	(44,'Dore','Braidford','+39 06 9931 4127','dbraidford17@google.com.br','$2y$10$NIhvZumA7pJmQg.thGG6j.GmV8FTJUhbPrlEc1Nl8vXz4Abot0Pu6','11','Accountant Assistant','2019-03-19','5',1,'44.png'),
	(45,'Lizabeth','Di Franceshci','+49 0221 65088359','ldifranceshci18@mediafire.com','$2y$10$NIhvZumA7pJmQg.thGG6j.GmV8FTJUhbPrlEc1Nl8vXz4Abot0Pu6','8','IT Support Trainee','2020-10-04','4',1,'45.png'),
	(46,'Felic','Sharland','+33 01 70 86 86 01','fsharland19@myspace.com','$2y$10$NIhvZumA7pJmQg.thGG6j.GmV8FTJUhbPrlEc1Nl8vXz4Abot0Pu6','12','Business Development Executive','2012-04-19','3',1,'46.png'),
	(47,'Duff','Quail','+49 0221 65088360','dquail1a@vimeo.com','$2y$10$NIhvZumA7pJmQg.thGG6j.GmV8FTJUhbPrlEc1Nl8vXz4Abot0Pu6','9','Line Support Analyst','2013-06-21','4',1,'47.png'),
	(48,'Brendis','Shivell','+44 20 8050 3935','bshivell1b@un.org','$2y$10$NIhvZumA7pJmQg.thGG6j.GmV8FTJUhbPrlEc1Nl8vXz4Abot0Pu6','1','Recruitment Resourcer','2014-08-14','1',1,'48.png'),
	(49,'Nevile','Schimaschke','+39 06 9931 4128','nschimaschke1c@hexun.com','$2y$10$NIhvZumA7pJmQg.thGG6j.GmV8FTJUhbPrlEc1Nl8vXz4Abot0Pu6','10','Gas Engineer','2016-10-23','5',1,'49.png'),
	(50,'Jon','Calbaithe','+44 20 8050 3941','jcalbaithe1d@netvibes.com','$2y$10$NIhvZumA7pJmQg.thGG6j.GmV8FTJUhbPrlEc1Nl8vXz4Abot0Pu6','4','Legal Project Manager','2019-11-15','1',1,'50.png'),
	(51,'Emmery','Darben','+39 06 9931 4200','edarben1e@mapquest.com','$2y$10$NIhvZumA7pJmQg.thGG6j.GmV8FTJUhbPrlEc1Nl8vXz4Abot0Pu6','10','Senior Design Engineer','2014-02-01','5',1,'51.png'),
	(52,'Staford','Whitesel','+33 01 70 86 86 02','swhitesel1f@nasa.gov','$2y$10$NIhvZumA7pJmQg.thGG6j.GmV8FTJUhbPrlEc1Nl8vXz4Abot0Pu6','6','Reserach Associate','2015-06-21','3',1,'52.png'),
	(53,'Benjamin','Hawkslee','+33 01 70 86 86 03','bhawkslee1g@hubpages.com','$2y$10$NIhvZumA7pJmQg.thGG6j.GmV8FTJUhbPrlEc1Nl8vXz4Abot0Pu6','7','Product Manager Procurement','2012-08-30','3',1,'53.png'),
	(54,'Myrle','Speer','+1 (917) 268-9394','mspeer1h@tripod.com','$2y$10$NIhvZumA7pJmQg.thGG6j.GmV8FTJUhbPrlEc1Nl8vXz4Abot0Pu6','3','Marketing Manager','2018-12-25','2',1,'54.png'),
	(55,'Matthus','Banfield','+1 (917) 268-9396','mbanfield1i@angelfire.com','$2y$10$NIhvZumA7pJmQg.thGG6j.GmV8FTJUhbPrlEc1Nl8vXz4Abot0Pu6','3','Digital Strategist','2012-10-13','2',1,'55.png'),
	(56,'Annadiana','Drance','+1 (917) 268-9402','adrance1j@omniture.com','$2y$10$NIhvZumA7pJmQg.thGG6j.GmV8FTJUhbPrlEc1Nl8vXz4Abot0Pu6','3','Marketing Analyst','2020-01-06','2',1,'56.png'),
	(57,'Rinaldo','Fandrey','+1 (917) 268-9407','rfandrey1k@bbc.co.uk','$2y$10$NIhvZumA7pJmQg.thGG6j.GmV8FTJUhbPrlEc1Nl8vXz4Abot0Pu6','2','Sales Customer Advisor','2018-09-05','2',1,'57.png'),
	(58,'Roanna','Standering','+1 (917) 268-9426','rstandering1l@cocolog-nifty.com','$2y$10$NIhvZumA7pJmQg.thGG6j.GmV8FTJUhbPrlEc1Nl8vXz4Abot0Pu6','3','Marketing Executive','2017-07-16','2',1,'58.png'),
	(59,'Lorrie','Fattorini','+49 0221 65088361','lfattorini1m@geocities.jp','$2y$10$NIhvZumA7pJmQg.thGG6j.GmV8FTJUhbPrlEc1Nl8vXz4Abot0Pu6','9','Service Support Advisor','2014-04-03','4',1,'59.png'),
	(60,'Talbot','Andrassy','+44 20 8050 3943','tandrassy1n@bigcartel.com','$2y$10$NIhvZumA7pJmQg.thGG6j.GmV8FTJUhbPrlEc1Nl8vXz4Abot0Pu6','4','Solicitor','2013-08-04','1',1,'60.png'),
	(61,'Cindi','O\'Mannion','+39 06 9931 4121','comannion1o@ameblo.jp','$2y$10$NIhvZumA7pJmQg.thGG6j.GmV8FTJUhbPrlEc1Nl8vXz4Abot0Pu6','11','Accountant','2019-08-06','5',1,'61.png'),
	(62,'Pancho','Mullineux','+44 20 8050 3947','pmullineux1p@webmd.com','$2y$10$NIhvZumA7pJmQg.thGG6j.GmV8FTJUhbPrlEc1Nl8vXz4Abot0Pu6','1','HR Admin Support','2018-02-15','1',1,'62.png'),
	(63,'Cynthy','Peyntue','+33 01 70 86 86 04','cpeyntue1q@amazon.co.jp','$2y$10$NIhvZumA7pJmQg.thGG6j.GmV8FTJUhbPrlEc1Nl8vXz4Abot0Pu6','6','R&D Technician','2016-07-19','3',1,'63.png'),
	(64,'Kristine','Christal','+49 0221 65088340','kchristal1r@behance.net','$2y$10$NIhvZumA7pJmQg.thGG6j.GmV8FTJUhbPrlEc1Nl8vXz4Abot0Pu6','8','Training Development Officer','2014-08-21','4',1,'64.png'),
	(65,'Dniren','Reboulet','+33 01 70 86 86 05','dreboulet1s@360.cn','$2y$10$NIhvZumA7pJmQg.thGG6j.GmV8FTJUhbPrlEc1Nl8vXz4Abot0Pu6','7','Product Marketing Manager','2012-07-02','3',1,'65.png'),
	(66,'Aggy','Napier','+1 (917) 268-9428','anapier1t@sciencedirect.com','$2y$10$NIhvZumA7pJmQg.thGG6j.GmV8FTJUhbPrlEc1Nl8vXz4Abot0Pu6','3','Media Manager','2019-06-14','2',1,'66.png'),
	(67,'Gayleen','Hessay','+44 20 8050 3948','ghessay1u@exblog.jp','$2y$10$NIhvZumA7pJmQg.thGG6j.GmV8FTJUhbPrlEc1Nl8vXz4Abot0Pu6','4','Legal Claims Advisor','2018-12-22','1',1,'67.png'),
	(68,'Cull','Snoden','+44 20 8050 3951','csnoden1v@so-net.ne.jp','$2y$10$NIhvZumA7pJmQg.thGG6j.GmV8FTJUhbPrlEc1Nl8vXz4Abot0Pu6','1','Recruitment Manager','2014-04-12','1',1,'68.png'),
	(69,'Vlad','Crocombe','+33 01 70 86 86 06','vcrocombe1w@mtv.com','$2y$10$NIhvZumA7pJmQg.thGG6j.GmV8FTJUhbPrlEc1Nl8vXz4Abot0Pu6','7','Product Development Manager','2015-01-31','3',1,'69.png'),
	(70,'Georgeanna','Joisce','+33 01 70 86 86 07','gjoisce1x@google.com.au','$2y$10$NIhvZumA7pJmQg.thGG6j.GmV8FTJUhbPrlEc1Nl8vXz4Abot0Pu6','6','R&D Science Consultant','2013-08-02','3',1,'70.png'),
	(71,'Ursola','Berthomieu','+44 20 8050 3953','uberthomieu1y@un.org','$2y$10$NIhvZumA7pJmQg.thGG6j.GmV8FTJUhbPrlEc1Nl8vXz4Abot0Pu6','4','Resolution Solicitor','2015-10-30','1',1,'71.png'),
	(72,'Mair','McKirdy','+44 20 8050 3954','mmckirdy1z@ovh.net','$2y$10$NIhvZumA7pJmQg.thGG6j.GmV8FTJUhbPrlEc1Nl8vXz4Abot0Pu6','1','HR Admin Support','2020-09-27','1',1,'72.png'),
	(73,'Erma','Runnalls','+49 0221 65088341','erunnalls20@spiegel.de','$2y$10$NIhvZumA7pJmQg.thGG6j.GmV8FTJUhbPrlEc1Nl8vXz4Abot0Pu6','8','Trainee Web Developer','2020-11-20','4',1,'73.png'),
	(74,'Heida','Gallone','+39 06 9931 4122','hgallone21@hostgator.com','$2y$10$NIhvZumA7pJmQg.thGG6j.GmV8FTJUhbPrlEc1Nl8vXz4Abot0Pu6','10','Electrical Maintenance Engineer','2020-12-07','5',1,'74.png'),
	(75,'Christina','Denge','+33 01 70 86 86 08','cdenge22@canalblog.com','$2y$10$NIhvZumA7pJmQg.thGG6j.GmV8FTJUhbPrlEc1Nl8vXz4Abot0Pu6','12','Business Development Administrator','2019-04-21','3',1,'75.png'),
	(76,'Wilone','Fredi','+33 01 70 86 86 09','wfredi23@gizmodo.com','$2y$10$NIhvZumA7pJmQg.thGG6j.GmV8FTJUhbPrlEc1Nl8vXz4Abot0Pu6','7','Product Manager B2C','2017-12-30','3',1,'76.png'),
	(77,'Stormie','Bolderstone','+39 06 9931 4211','sbolderstone24@globo.com','$2y$10$NIhvZumA7pJmQg.thGG6j.GmV8FTJUhbPrlEc1Nl8vXz4Abot0Pu6','11','Trainee Accountant','2014-06-16','5',1,'77.png'),
	(78,'Darryl','Pool','+39 06 9931 4212','dpool25@vistaprint.com','$2y$10$NIhvZumA7pJmQg.thGG6j.GmV8FTJUhbPrlEc1Nl8vXz4Abot0Pu6','11','Commercial Accountant','2013-08-25','5',1,'78.png'),
	(79,'Nikolas','Mager','+44 20 8050 3956','nmager26@nifty.com','$2y$10$NIhvZumA7pJmQg.thGG6j.GmV8FTJUhbPrlEc1Nl8vXz4Abot0Pu6','5','Customer Service Representative','2014-11-01','1',1,'79.png'),
	(80,'Brittney','Gaskal','+39 06 9931 4221','bgaskal27@weather.com','$2y$10$NIhvZumA7pJmQg.thGG6j.GmV8FTJUhbPrlEc1Nl8vXz4Abot0Pu6','10','Refrigeration Engineer','2012-02-04','5',1,'80.png'),
	(81,'Field','Gresty','+44 20 8050 3957','fgresty28@networkadvertising.org','$2y$10$NIhvZumA7pJmQg.thGG6j.GmV8FTJUhbPrlEc1Nl8vXz4Abot0Pu6','4','Product Legal Counsel','2019-04-08','1',1,'81.png'),
	(82,'Martina','Tremoulet','+1 (917) 268-9429','mtremoulet29@sciencedaily.com','$2y$10$NIhvZumA7pJmQg.thGG6j.GmV8FTJUhbPrlEc1Nl8vXz4Abot0Pu6','3','Admin Support','2017-12-11','2',1,'82.png'),
	(83,'Robena','Ivanyutin','+1 (917) 268-9430','rivanyutin2a@mozilla.org','$2y$10$NIhvZumA7pJmQg.thGG6j.GmV8FTJUhbPrlEc1Nl8vXz4Abot0Pu6','2','Sales Account Manager','2020-01-02','2',1,'83.png'),
	(84,'Reagen','Corner','+39 06 9931 4222','rcorner2b@qq.com','$2y$10$NIhvZumA7pJmQg.thGG6j.GmV8FTJUhbPrlEc1Nl8vXz4Abot0Pu6','11','Financial Accountant','2019-03-28','5',1,'84.png'),
	(85,'Eveleen','Sulter','+33 01 70 86 86 12','esulter2c@nature.com','$2y$10$NIhvZumA7pJmQg.thGG6j.GmV8FTJUhbPrlEc1Nl8vXz4Abot0Pu6','6','R&D Test Engineer','2018-06-27','3',1,'85.png'),
	(86,'Christy','Dunbobbin','+49 0221 65088342','cdunbobbin2d@feedburner.com','$2y$10$NIhvZumA7pJmQg.thGG6j.GmV8FTJUhbPrlEc1Nl8vXz4Abot0Pu6','8','Training Manager','2014-10-03','4',1,'86.png'),
	(87,'Winthrop','Lansley','+49 0221 65088343','wlansley2e@alibaba.com','$2y$10$NIhvZumA7pJmQg.thGG6j.GmV8FTJUhbPrlEc1Nl8vXz4Abot0Pu6','8','Trainee Teaching Assistant','2018-11-24','4',1,'87.png'),
	(88,'Lissa','Insley','+1 (917) 268-9431','linsley2f@friendfeed.com','$2y$10$NIhvZumA7pJmQg.thGG6j.GmV8FTJUhbPrlEc1Nl8vXz4Abot0Pu6','3','Graduate Marketing Executive','2020-04-29','2',1,'88.png'),
	(89,'Shell','Risebarer','+39 06 9931 4223','srisebarer2g@patch.com','$2y$10$NIhvZumA7pJmQg.thGG6j.GmV8FTJUhbPrlEc1Nl8vXz4Abot0Pu6','10','Project Engineer','2014-09-27','5',1,'89.png'),
	(90,'Cherianne','Liddyard','+1 (917) 268-9433','cliddyard2h@com.com','$2y$10$NIhvZumA7pJmQg.thGG6j.GmV8FTJUhbPrlEc1Nl8vXz4Abot0Pu6','2','Pre-Sales Consultant','2016-01-15','2',1,'90.png'),
	(91,'Brendan','Fooks','+1 (917) 268-9434','bfooks2i@utexas.edu','$2y$10$NIhvZumA7pJmQg.thGG6j.GmV8FTJUhbPrlEc1Nl8vXz4Abot0Pu6','2','Sales Representative','2017-06-19','2',1,'91.png'),
	(92,'Edmund','Tace','+49 0221 65088344','etace2j@hatena.ne.jp','$2y$10$NIhvZumA7pJmQg.thGG6j.GmV8FTJUhbPrlEc1Nl8vXz4Abot0Pu6','9','Support Engineer','2019-07-30','4',1,'92.png'),
	(93,'Ki','Tomasini','+39 06 9931 4232','ktomasini2k@cnbc.com','$2y$10$NIhvZumA7pJmQg.thGG6j.GmV8FTJUhbPrlEc1Nl8vXz4Abot0Pu6','10','Service Engineer','2014-06-11','5',1,'93.png'),
	(94,'Chadd','McGettrick','+39 06 9931 4233','cmcgettrick2l@simplemachines.org','$2y$10$NIhvZumA7pJmQg.thGG6j.GmV8FTJUhbPrlEc1Nl8vXz4Abot0Pu6','10','Graduate Electrical Engineer','2013-05-14','5',1,'94.png'),
	(95,'Dulcie','Baudi','+1 (917) 268-9435','dbaudi2m@last.fm','$2y$10$NIhvZumA7pJmQg.thGG6j.GmV8FTJUhbPrlEc1Nl8vXz4Abot0Pu6','3','Marketing Officer','2012-12-06','2',1,'95.png'),
	(96,'Barnebas','Mowbray','+44 20 8050 3961','bmowbray2n@cbslocal.com','$2y$10$NIhvZumA7pJmQg.thGG6j.GmV8FTJUhbPrlEc1Nl8vXz4Abot0Pu6','1','HR Administrator','2020-01-29','1',1,'96.png'),
	(97,'Stefanie','Anker','+44 20 8050 3961','sanker2o@hud.gov','$2y$10$NIhvZumA7pJmQg.thGG6j.GmV8FTJUhbPrlEc1Nl8vXz4Abot0Pu6','5','Client Services Manager','2019-08-21','1',1,'97.png'),
	(98,'Cherye','de Cullip','+39 06 9931 4234','cdecullip2p@loc.gov','$2y$10$NIhvZumA7pJmQg.thGG6j.GmV8FTJUhbPrlEc1Nl8vXz4Abot0Pu6','10','Site Engineer','2018-12-14','5',1,'98.png'),
	(99,'Sinclare','Deverall','+33 01 70 86 86 13','sdeverall2q@ow.ly','$2y$10$NIhvZumA7pJmQg.thGG6j.GmV8FTJUhbPrlEc1Nl8vXz4Abot0Pu6','6','R&D Technical Writer','2017-06-16','3',1,'99.png'),
	(100,'Shae','Johncey','+39 06 9931 4235','sjohncey2r@bluehost.com','$2y$10$NIhvZumA7pJmQg.thGG6j.GmV8FTJUhbPrlEc1Nl8vXz4Abot0Pu6','10','Cabe System Engineer','2018-07-22','5',1,'100.png');

/*!40000 ALTER TABLE `personnel` ENABLE KEYS */;
UNLOCK TABLES;



/*!40111 SET SQL_NOTES=@OLD_SQL_NOTES */;
/*!40101 SET SQL_MODE=@OLD_SQL_MODE */;
/*!40014 SET FOREIGN_KEY_CHECKS=@OLD_FOREIGN_KEY_CHECKS */;
/*!40101 SET CHARACTER_SET_CLIENT=@OLD_CHARACTER_SET_CLIENT */;
/*!40101 SET CHARACTER_SET_RESULTS=@OLD_CHARACTER_SET_RESULTS */;
/*!40101 SET COLLATION_CONNECTION=@OLD_COLLATION_CONNECTION */;
